Name,Stars⭐,Last Updated,First Commit,URL,Forks,Issues,Language,License,Description,Topics
n8n,104022,2025-06-05,2019-06-22,https://github.com/n8n-io/n8n,29128,903,TypeScript,Other,"Fair-code workflow automation platform with native AI capabilities. Combine visual building with custom code, self-host or cloud, 400+ integrations.","ai,apis,automation,cli,data-flow,development,integration-framework,integrations,ipaas,low-code,low-code-platform,mcp,mcp-client,mcp-server,n8n,no-code,self-hosted,typescript,workflow,workflow-automation"
dify,100956,2025-06-05,2023-04-12,https://github.com/langgenius/dify,15205,684,TypeScript,Other,"Dify is an open-source LLM app development platform. Dify's intuitive interface combines AI workflow, RAG pipeline, agent capabilities, model management, observability features and more, letting you q",
nocodb,54754,2025-06-05,2017-10-29,https://github.com/nocodb/nocodb,3915,689,TypeScript,GNU Affero General Public License v3.0,🔥 🔥 🔥 Open Source Airtable Alternative,"admin-dashboard,admin-ui,airtable,airtable-alternative,automatic-api,hacktoberfest,low-code,mariadb,mysql,no-code,no-code-database,no-code-platform,postgresql,rest-api,restful-api,spreadsheet,sqlite,sqlserver,swagger"
Flowise,39570,2025-06-05,2023-03-31,https://github.com/FlowiseAI/Flowise,20382,608,TypeScript,Other,"Build AI Agents, Visually",
appsmith,37155,2025-06-05,2020-06-30,https://github.com/appsmithorg/appsmith,4086,4388,TypeScript,Apache License 2.0,"Platform to build admin panels, internal tools, and dashboards. Integrates with 25+ databases and any API.","admin-dashboard,admin-panels,app-builder,automation,crud,custom-internal,developer-tools,gui,gui-application,hacktoberfest,internal-tools,java,javascript,low-code,low-code-framework,react,self-hosted,typescript,webdevelopment,workflows"
ToolJet,35800,2025-06-05,2021-03-30,https://github.com/ToolJet/ToolJet,4635,994,JavaScript,GNU Affero General Public License v3.0,"Low-code platform for building business applications. Connect to databases, cloud storages, GraphQL, API endpoints, Airtable, Google sheets, OpenAI, etc and build apps using drag and drop application ","docker,hacktoberfest,internal-applications,internal-project,internal-tool,internal-tools,javascript,kubernetes,low-code,low-code-development-platform,low-code-framework,nestjs,no-code,nodejs,openai,reactjs,self-hosted,typeorm,typescript,web-development-tools"
refine,31156,2025-06-05,2021-01-20,https://github.com/refinedev/refine,2503,36,TypeScript,MIT License,"A React Framework for building  internal tools, admin panels, dashboards & B2B apps with unmatched flexibility.","admin,admin-ui,ant-design,crud,developer-tools,frontend-framework,good-first-issue,graphql,hacktoberfest,headless,internal-tools,javascript,low-code,nestjs,nextjs,open-source-project,react,react-framework,react-hooks,typescript"
budibase,24673,2025-06-05,2019-06-07,https://github.com/Budibase/budibase,1756,227,TypeScript,Other,"Create business apps and automate workflows in minutes. Supports PostgreSQL, MySQL, MariaDB, MSSQL, MongoDB, Rest API, Docker, K8s, and more 🚀 No code / Low code platform..","ai-app-builder,ai-applications,crud-app,crud-application,data-application,data-apps,internal-tools,it-workflows,low-code,low-code-no-code,low-code-platform,no-code,no-code-platform,open-source,rest-api-framework,sql-gui,workflow-apps,workflow-automation,workflow-engine"
node-red,21285,2025-06-04,2013-09-05,https://github.com/node-red/node-red,3586,437,JavaScript,Apache License 2.0,Low-code programming for event-driven applications,"flow-based-programming,javascript,low-code,node-red,openjs-foundation,visual-programming"
teable,18544,2025-06-05,2022-11-01,https://github.com/teableio/teable,922,84,TypeScript,Other,✨ The Next Gen Airtable Alternative: No-Code Postgres,
kestra,18344,2025-06-05,2019-08-24,https://github.com/kestra-io/kestra,1531,465,Java,Apache License 2.0,":zap: Workflow Automation Platform. Orchestrate & Schedule code in any language, run anywhere, 600+ plugins. Alternative to Airflow, n8n, Rundeck, VMware vRA, Zapier ...","automation,data-orchestration,devops,high-availability,infrastructure-as-code,java,low-code,lowcode,orchestration,pipeline,pipeline-as-code,workflow"
onlook,16535,2025-06-05,2024-06-25,https://github.com/onlook-dev/onlook,985,227,TypeScript,Apache License 2.0,"The Cursor for Designers • An Open-Source Visual Vibecoding Editor • Visually build, style, and edit your React App with AI",
nocobase,15779,2025-06-05,2020-10-24,https://github.com/nocobase/nocobase,1745,156,TypeScript,Other,"NocoBase is an extensibility-first, open-source no-code/low-code platform for building business applications and enterprise solutions.","admin-dashboard,airtable,app-builder,crm,crud,developer-tools,internal-tool,internal-tools,low-code,low-code-development-platform,low-code-framework,low-code-platform,lowcode,no-code,no-code-framework,no-code-platform,nocode,salesforce,self-hosted,workflows"
amplication,15686,2025-06-05,2020-05-10,https://github.com/amplication/amplication,1530,612,TypeScript,Other,"Amplication brings order to the chaos of large-scale software development by creating Golden Paths for developers - streamlined workflows that drive consistency, enable high-quality code practices, si","api,code-generation,csharp,csharp-code,dotnet,dotnet-core,graphql,hacktoberfest,javascript,low-code,nestjs,nodejs,prisma,typescript,web"
lowcode-engine,15167,2025-03-10,2021-12-20,https://github.com/alibaba/lowcode-engine,2634,654,TypeScript,MIT License,An enterprise-class low-code technology stack with scale-out design / 一套面向扩展设计的企业级低代码技术体系,"alibaba,low-code,lowcode"
apitable,14481,2025-05-07,2022-08-17,https://github.com/apitable/apitable,1298,505,TypeScript,GNU Affero General Public License v3.0,"🚀🎉📚 APITable, an API-oriented low-code platform for building collaborative apps and better than all other Airtable open-source alternatives. ","admin-dashboard,airtable,airtable-alternative,api,automatic-api,embed,hacktoberfest,internal-tool,javascript,low-code,nestjs,nextjs,no-code,nocodb,notion,react,spreadsheet,spring,typescript"
dolphinscheduler,13550,2025-06-05,2019-03-01,https://github.com/apache/dolphinscheduler,4812,233,Java,Apache License 2.0,Apache DolphinScheduler is the modern data orchestration platform. Agile to create high performance workflow with low-code,"airflow,azkaban,cloud-native,data-pipelines,job-scheduler,orchestration,powerful-data-pipelines,task-scheduler,workflow,workflow-orchestration,workflow-schedule"
windmill,13268,2025-06-05,2022-05-05,https://github.com/windmill-labs/windmill,689,436,HTML,Other,"Open-source developer platform to power your entire infra and turn scripts into webhooks, workflows and UIs. Fastest workflow engine (13x vs Airflow). Open-source alternative to Retool and Temporal.","low-code,open-source,platform,postgresql,python,self-hostable,typescript"
illa-builder,12036,2025-05-14,2022-04-18,https://github.com/illacloud/illa-builder,1144,41,TypeScript,Apache License 2.0,"Low-code platform allows you to build business apps, enables you to quickly create internal tools such as dashboard, crud app, admin panel, crm, cms, etc. Supports PostgreSQL, MySQL, Supabase, GraphQL","aiagent,app-builder,crud-application,developer-tool,developer-tools,gui,hacktoberfest,internal-development,internal-tool,internal-tools,low-code,low-code-development-platform,lowcode,react,self-hosted,typescript"
formily,12001,2025-06-05,2019-01-09,https://github.com/alibaba/formily,1540,116,TypeScript,MIT License,📱🚀 🧩 Cross Device & High Performance Normal Form/Dynamic(JSON Schema) Form/Form Builder -- Support React/React Native/Vue 2/Vue 3,"ant-design,designable,form,form-builder,fusion,json-schema,json-schema-form,low-code,no-code,observable,react,react-form,react-native,reactive,schema-form,validator,vue,vue-form,vue3"
ludwig,11480,2025-06-02,2018-12-27,https://github.com/ludwig-ai/ludwig,1213,51,Python,Apache License 2.0,"Low-code framework for building custom LLMs, neural networks, and other AI models","computer-vision,data-centric,data-science,deep,deep-learning,deeplearning,fine-tuning,learning,llama,llama2,llm,llm-training,machine-learning,machinelearning,mistral,ml,natural-language,natural-language-processing,neural-network,pytorch"
pipedream,9924,2025-06-05,2020-01-22,https://github.com/PipedreamHQ/pipedream,5343,3894,JavaScript,Other,"Connect APIs, remarkably fast.  Free for developers.","apis,automation,bash,cli,data-flow,event-sourcing,eventsourcing,golang,integration-flow,integrations,ipaas,low-code,low-code-development-platform,nodejs,python,serverless,typescript,workflow,workflows"
h5-Dooring,9734,2025-05-14,2020-08-22,https://github.com/MrXujiang/h5-Dooring,1802,33,JavaScript,GNU General Public License v3.0,"H5 Page Maker, H5 Editor, LowCode. Make H5 as easy as building blocks. | 让H5制作像搭积木一样简单, 轻松搭建H5页面, H5网站, PC端网站,LowCode平台.","antd,drag-and-drop,h5,h5-builder,h5-dooring,h5-editor,javascript,low-code,low-code-framework,low-code-platform,lowcode,miniprogram,page-builder,page-factory,react,react-dnd,react-router,site-generator,typescript,visual-design"
xgo,9203,2025-06-04,2015-12-12,https://github.com/goplus/xgo,556,40,Go,Apache License 2.0,XGo is the first AI-native programming language that integrates software engineering into a unified whole. Our vision is to enable everyone to become a builder of the world.,"ai-native,data-science,golang,goplus,low-code,programming-language,scientific-computing,stem,stem-education,xgo"
automatisch,8889,2025-06-05,2021-09-30,https://github.com/automatisch/automatisch,676,292,JavaScript,Other,The open source Zapier alternative. Build workflow automation without spending time and money.,"automation,automatisch,low-code,no-code,open-source,self-hosted,workflow"
frappe,8530,2025-06-05,2011-06-08,https://github.com/frappe/frappe,3912,2201,Python,MIT License,"Low code web framework for real world applications, in Python and Javascript","cms,email,erpnext,frappe,full-stack,javascript,low-code,mariadb,multitenant,postgres,python,rest-api,security,socket-io,web-framework,webhooks"
VvvebJs,7692,2025-05-03,2017-10-11,https://github.com/givanz/VvvebJs,1727,254,JavaScript,Apache License 2.0,Drag and drop page builder library written in vanilla javascript without dependencies or build tools.,"bootstrap,bootstrap5,builder,drag-and-drop,editor,free,javascript,low-code,no-code,nocode,nodejs,open-source,page-builder,scss,site-generator,ui,vanilla-javascript,website-builder,website-generation,wysiwyg"
rowy,6641,2024-11-23,2019-09-05,https://github.com/rowyio/rowy,531,72,TypeScript,Other,"Low-code backend platform. Manage database on spreadsheet-like UI and build cloud functions workflows in JS/TS, all in your browser.","airtable,airtable-alternative,backend,cloud-functions,cloudfunctions,cms,cms-backend,firebase,firestore,gcp,google-cloud,internal-tools,low-code,lowcode,no-code,nocode,react,spreadsheet,typescript"
dgiot,5183,2025-04-10,2021-02-23,https://github.com/dgiot/dgiot,1173,264,Erlang,Apache License 2.0,"Open source platform for iot , 6 min Quick Deployment,10M devices connection,Carrier level Stability;物联网开源平台,6分钟快速部署,千万级承载,电信级稳定性. Low code for Object model-Rule Engine-Data Channel-Configuration Page","dgiot,industrial-iot,iot,iot-platform,iot-server,modbus,modbus-protocol,modbus-tcp,mqtt,mqtt-broker,mqtt-server,opc,opc-server,plc,plc-controller"
flowgram.ai,4839,2025-06-05,2025-02-17,https://github.com/bytedance/flowgram.ai,341,30,TypeScript,MIT License,FlowGram is a node-based flow building engine that helps developers quickly create workflows in either fixed layout or free connection layout modes,
PraisonAI,4721,2025-06-05,2024-03-19,https://github.com/MervinPraison/PraisonAI,656,18,Python,MIT License,"PraisonAI is a production-ready Multi AI Agents framework, designed to create AI Agents to automate and solve problems ranging from simple tasks to complex challenges. It provides a low-code solution ",
prest,4358,2025-04-29,2016-11-22,https://github.com/prest/prest,294,141,Go,MIT License,"PostgreSQL ➕ REST, low-code, simplify and accelerate development, ⚡ instant, realtime, high-performance on any Postgres application, existing or new","automatic-api,database,databases,go,golang,hacktoberfest,low-code,postgres,postgresql,prest,rest,rest-api"
sim,3908,2025-06-05,2025-01-05,https://github.com/simstudioai/sim,581,25,TypeScript,Apache License 2.0,"Sim Studio is an open-source AI agent workflow builder. Sim Studio's interface is a lightweight, intuitive way to quickly build and deploy LLMs that connect with your favorite tools.",
Power-Fx,3277,2025-06-04,2021-02-23,https://github.com/microsoft/Power-Fx,341,336,C#,MIT License,Power Fx low-code programming language,"power-fx,powerfx"
vizro,2931,2025-06-05,2023-09-04,https://github.com/mckinsey/vizro,169,49,Python,Apache License 2.0,Vizro is a low-code toolkit for building high-quality data visualization apps.,
graphic-walker,2858,2025-06-03,2022-09-27,https://github.com/Kanaries/graphic-walker,149,21,TypeScript,Apache License 2.0,An open source alternative to Tableau. Embeddable visual analytic,
baserow,2697,2025-06-05,2020-07-20,https://github.com/bram2w/baserow,346,29,Python,Other,The official repository is hosted on https://gitlab.com/bramw/baserow. Baserow is an open source no-code database tool and Airtable alternative.,"airtable,airtable-alternative,airtable-replacement,database,low-code,no-code,no-code-database,online-database,postgresql,restful-api,self-hosted,spreadsheet"
erupt,2603,2025-06-04,2020-09-15,https://github.com/erupts/erupt,488,9,Java,Apache License 2.0, ✨ Erupt Engine: Java Annotation-Driven Low-Code + AI Base Framework. Build Enterprise Apps Fast & Efficiently.,"admin,angular,annotation,erupt,erupt-cloud,java,jpa,linq,spring,springboot,upms"
alan-sdk-web,2408,2025-06-04,2019-10-23,https://github.com/alan-ai/alan-sdk-web,94,37,,No license,The Self-Coding System for Your App — Alan AI SDK for Web,"ai,ai-assistant,ai-chat,ai-chat-bot,conversational-ai,custom-dataset,enterprise,explainable-ai,generative-ai,large-language-models,llms,low-code,machine-learning,nlp,productivity,question-answering,text-ai,voice-ai,voice-ai-platform,workflow"
tiny-engine,2398,2025-06-05,2023-09-18,https://github.com/opentiny/tiny-engine,389,109,Vue,MIT License,TinyEngine is a low-code engine based on which you can build or develop low-code platforms in different domains/TinyEngine是一个低代码引擎，基于这个引擎可以构建或者开发出不同领域的低代码平台,
tango,2336,2024-09-10,2023-08-24,https://github.com/NetEase/tango,222,38,TypeScript,MIT License,"A code driven low-code builder, develop low-code app on your codebase.",
component-library,2311,2024-10-31,2018-05-21,https://github.com/claimed-framework/component-library,4021,16,Jupyter Notebook,Apache License 2.0,The goal of CLAIMED is to enable low-code/no-code rapid prototyping style programming to seamlessly CI/CD into production. ,"data-science,machine-learning"
sponge,1869,2025-05-20,2022-09-19,https://github.com/go-dev-frame/sponge,187,29,Go,MIT License,"A powerful and easy-to-use Go development framework that enables you to effortlessly build high-performance, highly available backend service systems through a ""low-code"" approach.",
corteza,1805,2025-06-05,2019-05-21,https://github.com/cortezaproject/corteza,437,212,Go,Apache License 2.0,Low-code platform,"go,golang,javascript,low-code,typescipt,vuejs"
toolpad,1625,2025-06-05,2021-11-15,https://github.com/mui/toolpad,391,365,TypeScript,MIT License,Toolpad: Full stack components and low-code builder for dashboards and internal apps.,"admin-dashboard,admin-panel,components,crud,internal-tools,low-code,low-code-framework,react,reactjs,self-hosted,toolpad,typescript,web-development-tools"
sunmao-ui,1420,2025-03-11,2021-06-15,https://github.com/smartxworks/sunmao-ui,98,31,TypeScript,Apache License 2.0,A Framework for Developing Low-code Tool,"appsmith,framework,low-code,retool"
Awesome-CVPR2025-CVPR2024-CVPR2021-CVPR2020-Low-Level-Vision,1355,2025-04-30,2020-06-19,https://github.com/Kobaayyy/Awesome-CVPR2025-CVPR2024-CVPR2021-CVPR2020-Low-Level-Vision,145,1,,No license,A Collection of Papers and Codes for CVPR2025/CVPR2024/CVPR2021/CVPR2020 Low Level Vision,"c-v-p-r,computer-vision,cvpr2020,cvpr2021,cvpr2024,cvpr2025,frame-interpolation,image-compression,image-deblurring,image-dehazing,image-demoireing,image-denoising,image-deraining,image-enhancement,image-processing,image-quality-assessment,image-reconstruction,image-restoration,low-level-vision,super-resolution"
obsei,1276,2024-10-14,2020-10-25,https://github.com/obsei/obsei,171,35,Python,Apache License 2.0,"Obsei is a low code AI powered automation tool. It can be used in various business flows like social listening, AI based alerting, brand image analysis, comparative study and more .","anonymization,artificial-intelligence,business-process-automation,customer-engagement,customer-support,issue-tracking-system,low-code,lowcode,natural-language-processing,nlp,process-automation,python,sentiment-analysis,social-listening,social-network-analysis,text-analysis,text-analytics,text-classification,workflow,workflow-automation"
badaso,1235,2025-06-05,2021-03-15,https://github.com/uasoft-indonesia/badaso,224,2,PHP,MIT License,"Laravel Vue headless CMS / admin panel / dashboard / builder / API CRUD generator, anything !","api,cms,crud,customizable,dashboard,generator,graphql,headless,laravel,lcpd,low-code,ncpd,no-code,php,pwa,rest,service-worker,spa,vuejs"
rulego,1115,2025-06-04,2023-07-23,https://github.com/rulego/rulego,105,11,Go,Apache License 2.0,"⛓️RuleGo is a lightweight, high-performance, embedded, next-generation component orchestration rule engine framework for Go.",
amphi-etl,1070,2025-05-26,2024-03-20,https://github.com/amphi-ai/amphi-etl,63,126,TypeScript,Other,Visual Data Preparation and Transformation. Low-Code Python-based ETL. ,
studio,1065,2025-04-26,2016-05-17,https://github.com/eez-open/studio,153,230,TypeScript,GNU General Public License v3.0,Cross-platform low-code GUI and automation,"eez-studio,flow-based-programming,instrument-extensions,lvgl,scpi-commands,scpi-instrument"
prompt-poet,1063,2025-05-16,2024-07-17,https://github.com/character-ai/prompt-poet,92,9,Python,MIT License,Streamlines and simplifies prompt design for both developers and non-technical users with a low code approach.,
magic,1006,2025-06-01,2019-03-16,https://github.com/polterguy/magic,143,3,C#,MIT License,An AI-based Low-Code and No-Code software development automation framework,"ai,automation-framework,low-code,machine-learning,no-code,openai"
tribe,1001,2025-01-19,2024-03-24,https://github.com/StreetLamb/tribe,123,3,TypeScript,MIT License,Low code tool to rapidly build and coordinate multi-agent teams,
zato,973,2025-06-05,2011-07-07,https://github.com/zatosource/zato,244,0,Python,GNU Affero General Public License v3.0,"ESB, SOA, REST, APIs and Cloud Integrations in Python","aerospace,airport,api,api-gateway,api-server,automation-framework,defense,enterprise,enterprise-service-bus,esb,fhir,healthcare,hl7,interoperability,ipaas,low-code,orchestration-framework,python,soa,telecommunications"
totum-mit,964,2025-06-02,2019-09-24,https://github.com/totumonline/totum-mit,55,0,PHP,MIT License,"Small-code database for non-programmers. Universal UI, simple-code logic, automatic actions, access rules, logging, API and more. Quickly create a complex internal apps using the database as an interf","crm-platform,database,erp,erp-framework,internal-apps,low-code,low-code-development-platform,php,postgres,postgresql,productivity,small-code"
zerocode,946,2025-06-03,2016-07-05,https://github.com/authorjapps/zerocode,418,117,Java,Apache License 2.0,"zerocode-tdd is a community-developed, free, open-source, automated testing lib for microservices APIs, Kafka(Data Streams), Databases and Load testing. It enables you to create executable automated t","api,api-contract,assertions,automation,automation-framework,consumer,declarative,dsl,framework,http,java,json,kafka,library,low-code,no-code-framework,nocode,soap,testing"
G6VP,876,2024-08-06,2022-05-05,https://github.com/antvis/G6VP,112,82,TypeScript,Apache License 2.0,G6VP is an online visual analysis tool for graphs and a low-code platform for building graph applications.,"business-intelligence,data-visualization,g6,graph,graph-analysis,graph-database,graph-drawing,graph-visualization,graphs,graphviz,knowledge-graph,low-code,neo4j,network,network-visualization,react,typescript,visualization"
flock,866,2025-05-14,2024-09-04,https://github.com/Onelevenvy/flock,102,2,TypeScript,Apache License 2.0,"Flock is a workflow-based low-code platform for rapidly building chatbots, RAG, and coordinating multi-agent teams, powered by LangGraph, Langchain, FastAPI, and NextJS.（Flock 是一个基于workflow工作流的低代码平台，用",
openops,818,2025-06-05,2025-03-09,https://github.com/openops-cloud/openops,118,24,TypeScript,Other,"The batteries-included, No-Code FinOps automation platform, with the AI you trust.",
motor-admin-rails,803,2025-03-09,2021-03-04,https://github.com/motor-admin/motor-admin-rails,81,25,Ruby,MIT License,"Low-code Admin panel and Business intelligence Rails engine. No DSL - configurable from the UI. Rails Admin, Active Admin, Blazer modern alternative.","admin,admin-dashboard,business-intelligence,charts,crud,low-code,rails,sql"
structr,801,2025-06-05,2011-02-01,https://github.com/structr/structr,157,24,Java,GNU General Public License v3.0,Structr is an integrated low-code development and runtime environment that uses a graph database.,"backend,backend-framework,data-modeling,frontend-framework,full-stack,graalvm,graph,graph-database,graphql,low-code,low-code-development-platform,open-api,platform-as-a-service,polyglot-programming,productivity,productivity-tools,schema-design,software-as-a-service,web-application-framework,web-development"
builder,731,2025-06-04,2023-01-10,https://github.com/frappe/builder,226,62,Vue,GNU Affero General Public License v3.0,Craft beautiful websites effortlessly with an intuitive visual builder and publish them instantly,
nussknacker,691,2025-06-05,2017-06-29,https://github.com/TouK/nussknacker,99,101,Scala,Apache License 2.0,Low-code tool for automating actions on real time data | Stream processing for the users.,"apache-flink,automation,big-data,data-streaming,decision-engine,decision-making,decisioning,flink,flink-kafka,gui,kafka,low-code,lowcode,real-time,rules-engine,scala,stream-processing,streaming,touk"
v6.dooring.public,659,2024-12-22,2021-03-08,https://github.com/MrXujiang/v6.dooring.public,152,3,TypeScript,GNU General Public License v3.0,"可视化大屏解决方案, 提供一套可视化编辑引擎, 助力个人或企业轻松定制自己的可视化大屏应用.","antv,big-data,big-data-analytics,bigdata,dooring,low-code,lowcode,nodejs,react,webgl2"
app-platform,620,2025-06-05,2025-03-31,https://github.com/ModelEngine-Group/app-platform,114,60,Java,MIT License,AppPlatform 是一个前沿的大模型应用工程，旨在通过集成的声明式编程和低代码配置工具，简化和优化大模型的训练与推理应用的开发过程。本工程为软件工程师和产品经理提供一个强大的、可扩展的环境，以支持从概念到部署的全流程 AI 应用开发。,"ai,java,low-code"
nop-entropy,613,2025-06-05,2022-08-18,https://github.com/entropy-cloud/nop-entropy,83,1,Java,Apache License 2.0,"Nop Platform 2.0 is a next-generation low-code development platform built from scratch based on the principles of reversible computation, adopting a language-oriented programming paradigm. It includes","aigc,amis,graalvm,graphql,java,lowcode,nocode,quarkus,report,report-engine,rule-engine,vue3,workflow"
Implem.Pleasanter,593,2025-05-22,2016-03-27,https://github.com/Implem/Implem.Pleasanter,86,14,C#,GNU Affero General Public License v3.0,Pleasanter is a no-code/low-code development platform that runs on .NET. You can quickly create business applications with simple operations.,
magic,589,2025-06-05,2025-05-14,https://github.com/dtyq/magic,73,7,PHP,Other,The first open-source all-in-one AI productivity platform,"agent,agi,ai,gpt,llm,low-code,mcp,no-code,sandbox,workflow"
jw-community,566,2025-06-04,2011-07-01,https://github.com/jogetworkflow/jw-community,231,15,JavaScript,No license,"Joget is an open source no-code/low-code application platform that combines the best of rapid application development, business process automation and workflow management. This Joget open source repos","css,hibernate,java,javascript,low-code,no-code,spring"
r2dec-js,547,2025-05-15,2017-04-25,https://github.com/wargio/r2dec-js,52,35,JavaScript,No license,"r2dec-js is a JavaScript-based decompiler that converts assembly code into pseudo-C. It aids users in understanding assembly by providing readable high-level explanations, making low-level programming","assembly,converts-asm,decompiler,duktape,javascript,pseudo,radare2"
LinkedDataHub,542,2025-06-04,2017-01-10,https://github.com/AtomGraph/LinkedDataHub,136,34,XSLT,Apache License 2.0,The low-code Knowledge Graph application platform. Apache license.,"data-driven,data-management,declarative,framework,knowledge-graph,linked-data,linked-open-data,low-code,ontology-driven-development,openid-connect,owl,platform,rdf,semantic-web,sparql,triplestore,webid,xslt"
goatdb,530,2025-06-02,2024-12-03,https://github.com/goatplatform/goatdb,14,12,TypeScript,Apache License 2.0,"An Embedded, Distributed, Document DB","backend,browser,database,deno,devtools,edge,frontend,local-first,low-code,react,typescript"
camel-karavan,513,2025-05-30,2021-10-04,https://github.com/apache/camel-karavan,187,27,TypeScript,Apache License 2.0,Apache Camel Karavan a Low-code Data Integration Platform,"camel,docker,integration,java,kubernetes,low-code,vscode"
buildship,506,2024-06-11,2023-07-31,https://github.com/rowyio/buildship,56,4,TypeScript,MIT License,"Low-code Visual Backend Builder, powered by AI ✨ Create APIs, scheduled jobs, backend tasks, database CRUD, and integrate with any tool or APIs.","api,automation,backend,backend-api,cron,cronjob,crud,integration,low-code,no-code,scheduled-tasks,workflow"
fastapi-starter,494,2025-05-07,2021-08-19,https://github.com/gaganpreet/fastapi-starter,52,24,TypeScript,MIT License,"A FastAPI based low code starter/boilerplate: SQLAlchemy 2.0 (async), Postgres, React-Admin, pytest and cypress","cookiecutter,cookiecutter-fastapi,cookiecutter-template,docker,docker-compose,fastapi,fastapi-boilerplate,fastapi-template,fastapi-users,openapi-generator,postgres,python,python3,react,react-admin,sqlalchemy,typescript"
skyve,494,2025-06-05,2014-07-28,https://github.com/skyvers/skyve,89,19,JavaScript,GNU Lesser General Public License v2.1,"Skyve is an open-source low-code platform that gives you access to all of the key capabilities needed to build sophisticated, robust and scalable cloud solutions.","framework,java,low-code,skyve,xml"
noodl,483,2024-07-18,2024-01-26,https://github.com/noodlapp/noodl,136,27,TypeScript,GNU General Public License v3.0,Noodl is a low code platform for creating full stack web applications,"app-builder,editor,javascript,low-code,low-code-platform,react,typescript,workflow"
node-red-contrib-uibuilder,479,2025-06-04,2017-04-18,https://github.com/TotallyInformation/node-red-contrib-uibuilder,91,4,JavaScript,Apache License 2.0,Easily create data-driven web UI's for Node-RED. Single- & Multi-page. Multiple UI's. Work with existing web development workflows or mix and match with no-code/low-code features.,"css,dashboard,data-driven,flow-based-programming,html,javascript,low-code,no-code,node-red,ui,web-app,web-application,web-components,webapp,website,websockets,zero-code"
Entity-Builder,474,2025-06-05,2019-08-18,https://github.com/GooGee/Entity-Builder,69,0,TypeScript,No license,:tomato: low code builder for Laravel.,"crud,generator,laravel,scaffold"
uimix,455,2024-06-25,2022-04-18,https://github.com/uimix-editor/uimix,26,1,TypeScript,MIT License,A WYSIWYG React component builder 🚧 Very work-in-progress,"css,design-to-code,html,javascript,low-code,no-code,react,ui-components"
r3,448,2025-06-05,2021-09-20,https://github.com/r3-team/r3,62,8,JavaScript,MIT License,REI3 - Free and open low code,"application-builder,business-managment,business-software,business-solutions,free-software,golang,internal-solutions,internal-tools,low-code,lowcode,no-code,nocode,selfhosted,web-development,webdevelopment"
fastschema,447,2025-06-04,2024-04-02,https://github.com/fastschema/fastschema,39,16,Go,MIT License,All-in-One Backend as a Service with Headless CMS Power,"backend,backend-as-a-service,cms,framework,golang,headless-cms,low-code,no-code,rbac,react"
shesha-framework,430,2025-06-05,2023-02-08,https://github.com/shesha-io/shesha-framework,93,336,TypeScript,Apache License 2.0,An open-source Low-Code development framework for .NET developers. Create .NET based business applications with 80% less code.,"abp,abp-framework,app-factory,business-solutions,crud-application,csharp,enterprise-software,low-code-framework,nextjs,open-source,react,workflow-automation"
bytechef,391,2025-06-05,2021-09-30,https://github.com/bytechefhq/bytechef,65,455,Java,Other,"Open-source, low-code, extendable API integration & workflow automation platform. Integrate your organization or your SaaS product with any third party API","ai,ai-agents,apis,automation,embedded-ipaas,enterprise-automation,integration-framework,integrations,ipaas,java,llm,low-code,n8n,no-code,self-hosted,typescript,workato,workflow,workflow-automation,zapier"
superviz,383,2025-06-01,2024-09-13,https://github.com/SuperViz/superviz,2,5,TypeScript,No license,SuperViz provides powerful SDKs and APIs that enable developers to easily integrate real-time features into web applications. Our platform accelerates development across various industries with robust,"autodesk,autodesk-forge,collaboration,comments,crdt,matterport,multiplayer,presence,react,reactflow,real-time,superviz,three,video-conferencing,webrtc,websockets,yjs,yjs-provider"
stable-codec,368,2025-05-30,2024-11-29,https://github.com/Stability-AI/stable-codec,23,8,Python,MIT License,A family of state-of-the-art Transformer-based audio codecs for low-bitrate high-quality audio coding.,
convertigo,348,2025-06-05,2018-01-25,https://github.com/convertigo/convertigo,73,52,Java,Other,Convertigo is an open source Low Code platform including a No Code  Application builder for full-stack mobile and web application development,"angular,convertigo,ionic-framework,kubernetes,low-code-development-platform,microservices,mobile-development,no-code,opensource"
db2rest,340,2025-05-21,2023-12-14,https://github.com/9tigerio/db2rest,56,27,Java,Apache License 2.0,"Instant no code DATA API platform. Connect any database, run anywhere. Power your GENAI application function/tools calls in seconds.","ai,data-api,generative-ai,java,llm,low-code,lowcode,mariadb,mysql,mysql-database,no-code,nocode,oracle,postgres,postgresql,restapi,spring-boot,springboot"
aeria,334,2025-06-05,2024-03-02,https://github.com/aeria-org/aeria,4,2,TypeScript,MIT License,A language designed for the web that integrates with TypeScript,"aeria,appsec,bun,deno,javascript,low-code,mongodb,node,odm,orm,prisma,rapid-development,strong-typed,typescript,vibe-coding"
flowfuse,327,2025-06-05,2021-06-29,https://github.com/FlowFuse/flowfuse,67,593,JavaScript,Other,"Unlock Industrial Data. Integrate Everything. Optimize Faster. Quickly build workflows, applications and integrations that optimize your operations with our low-code, open-source, end to end platform.","flow-based-programming,low-code,low-code-development,low-code-development-platform,no-code,node-red,visual-programming"
panel-graphic-walker,319,2025-03-21,2024-10-25,https://github.com/panel-extensions/panel-graphic-walker,11,12,Python,MIT License,A project providing a Graphic Walker Pane for use with HoloViz Panel.,"business-intelligence,data,data-analysis,data-app,data-exploration,data-mining,data-visualization,eda,holoviz-panel,low-code,notebook,pivot-table,python,tableau,tableau-alternative,vega,vega-lite,visualization"
Forge,302,2025-05-30,2018-12-19,https://github.com/microsoft/Forge,50,13,C#,MIT License,A Generic Low-Code Framework Built on a Config-Driven Tree Walker,"async,config,config-driven,csharp,decision-tree,dynamic,forge,generic,low-code,microsoft,netstandard20,persisted-state,roslyn,stateful,tree-visualization,treewalker,ui,workflow-engine,workflow-framework"
sdk,300,2025-06-02,2024-02-04,https://github.com/chaibuilder/sdk,42,6,TypeScript,"BSD 3-Clause ""New"" or ""Revised"" License",Visual builder for React JS frameworks,"ai,low-code,react,tailwindcss,website-builder"
EasyEditor,273,2025-06-05,2024-10-21,https://github.com/Easy-Editor/EasyEditor,18,1,TypeScript,MIT License,Plugin-based cross-framework low-code engine for building visual application platforms  |  用于构建可视化应用平台的插件化跨框架低代码引擎,
warzone-cheat,268,2025-06-04,2025-06-04,https://github.com/ElusionCheats/warzone-cheat,1,0,Python,Apache License 2.0,"Warzone Cheat is a powerful and feature-rich educational project designed to demonstrate how cheats can be built for Call of Duty: Warzone. Includes fully functional modules such as Aimbot, ESP, Wallh",
umple,266,2025-05-04,2015-08-26,https://github.com/umple/umple,201,365,Java,MIT License,"Umple: Model-Oriented Programming - embed models in code and vice versa and generate complete systems. Save yourself lots of coding. Do it collaboratively online in UmpleOnline, in an IDE or on the co","class-diagram,code-generation,editor,low-code,modeling,state-machine,uml,umple"
erlang-red,257,2025-06-05,2025-04-04,https://github.com/gorenje/erlang-red,11,1,JavaScript,Other,"Visual low-code flow-based programming environment for Erlang, inspired by Node-RED.","erlang,erlang-red,fbp,flowbasedprogramming,node-red,visual-flow-based-programming"
lyzr-automata,255,2024-06-08,2024-02-08,https://github.com/LyzrCore/lyzr-automata,28,5,Python,No license,low-code multi-agent automation framework,
SPD-Conv,252,2024-11-29,2022-07-01,https://github.com/LabSAINT/SPD-Conv,30,13,Python,MIT License,Code for ECML PKDD 2022 paper: No More Strided Convolutions or Pooling: A Novel CNN Architecture for Low-Resolution Images and Small Objects,
apibrew,245,2025-05-07,2023-01-21,https://github.com/apibrew/apibrew,7,12,Go,MIT License,APIBrew is Low code software to automate building CRUDs from yaml files,"api,application-builder,code-generation,crud,grpc,low-code,low-code-platform,nodejs,openapi,openapi3,rest,rest-api,restful,restful-api,swagger,typescript"
create-tsi,233,2024-11-04,2024-03-19,https://github.com/telekom/create-tsi,26,7,TypeScript,No license,Create-tsi is a generative AI RAG toolkit which generates AI Applications with low code.,"ai,chatbot,llm,machine-learning,nlp,openai-api,rag,transformer"
lemon-form,229,2025-05-26,2024-11-02,https://github.com/bojue/lemon-form,22,10,TypeScript,MIT License,lemon form 柠檬轻表单（Vue3）,"dynamic,form,low-code,vue3"
plugins,212,2024-11-26,2022-09-14,https://github.com/Budibase/plugins,45,4,,No license,A curated list of Budibase plugins 🔌 including data sources and components.,"api,component-library,components,crud-application,database,hacktoberfest,internal-tools,low-code,no-code"
nitro,202,2025-03-17,2022-01-06,https://github.com/h2oai/nitro,11,50,TypeScript,Apache License 2.0,"Create apps 10x quicker, without Javascript/HTML/CSS.","app,apps,data-analysis,data-science,developer-tools,devtools,graphics,h2o-nitro,low-code,python,ui,ui-components,user-interface,web-application,webapp,widget-library,widgets"
web-design,183,2025-05-30,2021-07-20,https://github.com/ahyiru/web-design,7,0,JavaScript,MIT License,Low-Code development platform.,"dashboard,express,full-stack,hooks,jsonschema,low-code,mongoose,nodejs,react,responsive,webgl,webpack"
Portofino,181,2025-06-05,2015-02-17,https://github.com/ManyDesigns/Portofino,56,141,Java,Other,"Portofino 5 is the next generation of the open-source low-code web framework Portofino. Its purpose is to help developers create modern, responsive enterprise applications with REST APIs and an Angula","angular,database,groovy,hacktoberfest,hibernate,java,low-code,model-driven,rad,rest,rest-api"
lightning,177,2024-12-06,2020-11-30,https://github.com/git-men/lightning,26,6,Python,MIT License,A Django based no code Admin and low code develop framework,"admin,django,lowcode,nocode,python"
raggenie,172,2025-05-06,2024-08-13,https://github.com/sirocco-ventures/raggenie,65,30,Python,MIT License,"RAGGENIE: An open-source, low-code platform to build custom Retrieval-Augmented Generation (RAG) Copilets with your own data. Simplify AI development with ease!","genai,hacktoberfest,llm,rag"
ryax-engine,171,2025-04-30,2022-05-04,https://github.com/RyaxTech/ryax-engine,5,1,Python,Mozilla Public License 2.0,Ryax is the low-code serverless and open-source solution to build faster your AI workflows and applications,"backend,backend-api,backend-services,docker,hpc,kubernetes,nix,workflow"
platform,171,2025-06-05,2018-06-11,https://github.com/lsfusion/platform,31,189,Java,GNU Lesser General Public License v3.0,lsFusion is an extremely declarative open-source language-based platform for information systems development ,"database-servers,enterprise,enterprise-software,erp-framework,framework,full-stack,low-code,low-code-development,low-code-development-platform,low-code-framework,low-code-platform,platform,rad,sql,web-framework"
huxy-admin,150,2025-05-30,2022-04-06,https://github.com/ahyiru/huxy-admin,3,0,JavaScript,MIT License,"Huxy Admin is a customizable admin dashboard template based on React. Built with Webpack, @huxy/pack, useRouter, useStore, etc.","dashboard,express,full-stack,hooks,husky,low-code,mongoose,nodejs,react,responsive,template,webgl,webpack"
frankframework,139,2025-06-05,2013-03-21,https://github.com/frankframework/frankframework,81,245,Java,Apache License 2.0,"The Frank!Framework is an easy-to-use, stateless integration framework which allows (transactional) messages to be modified and exchanged between different systems.","community-driven,data-flow,elt-framework,erp,erp-framework,etl-framework,framework,frank,integration,integration-framework,integration-platform,ipaas,java,low-code,low-code-development-platform,low-code-platform,open-source,self-hosted,system-integration,xml-configuration"
videokit,135,2025-05-25,2022-10-11,https://github.com/videokit-ai/videokit,15,3,C,Apache License 2.0,"Cross-platform, low-code media SDK for Unity Engine.","computer-vision,natml,unity3d,user-generated-content,video-editing,video-effects,video-filter,video-recording"
ensemble,134,2025-06-05,2022-03-10,https://github.com/EnsembleUI/ensemble,16,250,JavaScript,"BSD 3-Clause ""New"" or ""Revised"" License","Build native apps 20x faster than Flutter, RN or any other tech","cross-platform,dart,flutter,low-code,sdui,server-driven-ui"
studio,134,2025-06-04,2024-08-09,https://github.com/frappe/studio,33,19,Vue,GNU Affero General Public License v3.0,Visual App Builder for the Frappe Framework,"app-builder,erpnext,frappe,frappe-framework,frappe-ui,javascript,low-code,open-source,python,typescript,vue"
ixgo,125,2025-06-05,2021-07-12,https://github.com/goplus/ixgo,15,8,Go,Apache License 2.0,The Go/XGo Interpreter,"data-science,golang,goplus,igop,interpreter,ixgo,low-code,programming-language,scientific-computing,stem,stem-education,xgo"
meta-system,123,2025-02-26,2020-05-19,https://github.com/mapikit/meta-system,4,8,TypeScript,GNU General Public License v3.0,The *Everything* Framework for efficient developers,"backend,framework,javascript,low-code,no-code,nodejs,services,typescript"
tymly,122,2024-11-06,2017-07-21,https://github.com/wmfs/tymly,26,2,JavaScript,MIT License,An open framework for building digital services.,"low-code,monorepo"
openxava,115,2025-06-05,2019-03-29,https://github.com/openxava/openxava,47,0,HTML,No license,Automatic frontend engine for Java,"ddd,framework,frontend,java,jpa,low-code"
tabbled,106,2025-01-05,2022-12-05,https://github.com/tabbled/tabbled,19,17,Vue,Other,"Self-hosted low-code platform for business applications like CRM, ERP, WMS, etc. Built using JavaScript/TypeScript. 🚀","crm,crm-platform,docker,erp,internal-applications,javascript,low-code,low-code-development-platform,low-code-framework,low-code-no-code,low-code-platform,no-code,no-code-platform,nodejs,self-hosted,typeorm,typescript,vuejs,web-development-tools,wms"
platform,106,2024-07-16,2022-07-30,https://github.com/chainjet/platform,23,16,TypeScript,Other,ChainJet is the CRM for Web3 🤩,"automation,blockchain,crm,dapp,integrations,low-code,no-code,wallets,web3,web3-crm,workflow"
flowg,104,2025-06-03,2024-08-18,https://github.com/link-society/flowg,8,16,Go,MIT License,Low Code / Visual Scripting log processing software,"badgerdb,go,golang,log-management,logging,low-code,no-code,pipeline,react-flow,rust,syslog,syslog-server,visual-scripting,vrl"
platform,104,2025-06-04,2021-05-28,https://github.com/dashjoin/platform,11,20,Java,GNU Affero General Public License v3.0,Dashjoin Is an Open Source & Cloud Native Low Code Development and Integration Platform that helps teams deliver applications faster 🚀 Uses a data-driven approach inspired by Linked Data to make use o,"low-code,low-code-development-platform,low-code-platform,lowcode,no-code,nocode"
mona-saas,103,2025-03-05,2021-05-03,https://github.com/microsoft/mona-saas,36,5,C#,MIT License,"Go transactable with the Azure Marketplace in hours, not months!","appsource,azure,azure-marketplace,isv,low-code,no-code,saas"
sirius-web,100,2025-06-05,2018-01-16,https://github.com/eclipse-sirius/sirius-web,67,755,Java,Eclipse Public License 2.0,Sirius Web: open-source low-code platform to define custom web applications supporting your specific visual languages,
BESSER,93,2025-06-05,2022-09-21,https://github.com/BESSER-PEARL/BESSER,18,43,Python,MIT License,A Python-based low-modeling low-code platform for smart and AI-enhanced software,"ai,code-generation,dsl,language-modeling,low-code,low-code-platform,lowcode,mde,metamodel,modeling,python,uml"
pocketblocks,89,2025-04-27,2023-09-26,https://github.com/pedrozadotdev/pocketblocks,5,0,TypeScript,GNU Affero General Public License v3.0,Integration between Openblocks and Pocketbase.,"docker,internal-applications,internal-project,internal-tool,internal-tools,javascript,low-code,low-code-development-platform,low-code-framework,no-code,pocketbase,reactjs,self-hosted,typescript,web-development-tools"
qiaoqiaoyun,89,2025-03-17,2023-04-10,https://github.com/jeecgboot/qiaoqiaoyun,33,2,Java,Other,【零代码平台+AI应用平台&知识库】敲敲云是一款免费的AI应用开发平台与零代码平台结合的新一代零码产品，帮助企业快速搭建个性化业务应用！用户无需任何代码，即可搭建出符合业务需求的个性化应用。敲敲云拥有完善的应用搭建能力、表单引擎、流程引擎、仪表盘引擎，可满足企业的日常需求,"ai,aigc,apaas,app-builder,bigscreen,chatgpt,deepseek,dify,fastgpt,flowable,langchain,llama3,llm,low-code,lowcode,maxkb,no-code,nocobase,ollama,openai"
iauto,87,2024-11-22,2024-01-24,https://github.com/shellc/iauto,10,0,Python,MIT License,iauto is a low-code engine for building and deploying AI agents,"agents,ai,appium,autogen,automation,llm,playwright"
xoom-designer,87,2024-11-06,2020-04-02,https://github.com/vlingo/xoom-designer,16,8,Java,Mozilla Public License 2.0,"The VLINGO XOOM Designer to guide you in rapid delivery of low-code to full-code Reactive, Event-Driven Microservices and Applications using DOMA, DDD, and other approaches.","accelerator,boot,bootstrap,jump-start,jumpstart,jvm,project,source-generation,vlingo,vlingo-xoom,xoom"
PayrollEngine,84,2025-03-27,2023-05-23,https://github.com/Payroll-Engine/PayrollEngine,14,0,Batchfile,MIT License,"Framework for developing low-code/no-code payroll solutions focused on  automation, scalability and testability.","automated-testing,csharp,dotnet,low-code,mit-licensed,no-code,payroll,payroll-automation,payroll-management-system,payroll-processing,predictive-analytics,regulations,restful-api,scripting-interface,setup,swagger"
compage,84,2024-08-09,2022-06-14,https://github.com/intelops/compage,21,52,Go,Apache License 2.0,"Compage - Low-Code Framework to develop Rest API, gRPC, dRPC, GraphQL, WebAssembly, microservices, FaaS, Temporal workloads, IoT and edge services, K8s controllers, K8s CRDs, K8s custom APIs, K8s Oper","backend-services,code-generation,containerization,containers,cosign,golang,graphql,grpc,hacktoberfest,low-code,microservices,no-code,rest-api,rust,sbom-generator,serverless,software-bill-of-materials,software-supply-chain-security,visual-applications,webassembly"
jeecg-boot-starter,83,2025-05-22,2022-07-29,https://github.com/jeecgboot/jeecg-boot-starter,85,2,Java,Apache License 2.0,JeeccgBoot项目的启动模块，拆分出来便于维护 含各种starter：微服务启动、xxljob、分布式锁starter、rabbitmq、分布式事务、分库分表shardingsphere、mongondb,"ai,deepseek,gpt,gpt-4,jeecg,jeecgboot,langchain4j,low-code,ollama,springboot"
runnable,83,2025-06-04,2022-09-21,https://github.com/kineticio/runnable,4,11,TypeScript,No license,Build internal workflows with ease,"low-code,nodejs,remix,remix-run,typescript"
arcana.cpp,80,2024-08-23,2019-04-25,https://github.com/microsoft/arcana.cpp,24,6,C++,MIT License,"Arcana.cpp is a collection of helpers and utility code for low overhead, cross platform C++ implementation of task-based asynchrony.",
Once,79,2025-01-06,2021-08-10,https://github.com/YiiGaa/Once,11,0,Java,Apache License 2.0,A RESTful-API back-end low-code framework,
zflow,79,2024-06-05,2022-12-14,https://github.com/zflow-dev/zflow,5,0,Rust,MIT License,Flow Based Low/No Code Workflow and Robotic Process Automation Library,"dag,fbp,flowbased,low-code,no-code,rust,visual-programming"
hatchify,75,2025-01-17,2023-04-21,https://github.com/bitovi/hatchify,3,6,TypeScript,MIT License,"JavaScript, open source, CRUD app scaffolding that turns schemas into an app quickly, while allowing customization later.","crud,crud-application,jsonapi,low-code,react,sequelize"
Autoanys,73,2024-07-17,2024-05-21,https://github.com/Autoanys/Autoanys,17,1,TypeScript,GNU General Public License v3.0,"AutoAnys is an innovative, open-source Robotic Process Automation (RPA) platform designed to revolutionize the automation landscape. Built for scalability and flexibility, AutoAnys empowers individual","automation,low-code,lowcode,next,nextjs,platform,python,react,reactjs,robotics,rpa,test-automation,testing,typescript"
iPLAss,72,2025-06-05,2018-08-22,https://github.com/dentsusoken/iPLAss,27,78,Java,GNU Affero General Public License v3.0,Java-based open source low-code development platform for enterprise,"framework,groovy,java,low-code"
otto-m8,71,2025-03-21,2024-09-10,https://github.com/farhan0167/otto-m8,5,12,JavaScript,Apache License 2.0,"Flowchart-like UI to interconnect LLM's and Huggingface models, and deploy them as a REST API with little to no code.","ai,ai-agents,ai-agents-framework,automation,deep-learning,docker,fastapi,huggingface-transformers,langchain,llm-inference,low-code,machine-learning,no-code,ollama,openai-api,rest"
nocodb-mobile,70,2025-02-02,2023-06-17,https://github.com/enm10k/nocodb-mobile,8,7,Dart,MIT License,A prototype Android/iOS client for NocoDB,"airtable,low-code,no-code,nocodb"
ParetoQ,69,2025-06-02,2025-03-03,https://github.com/facebookresearch/ParetoQ,2,4,Python,Other,"This repository contains the training code of ParetoQ introduced in our work ""ParetoQ Scaling Laws in Extremely Low-bit LLM Quantization""",
crud,68,2024-12-12,2022-07-20,https://github.com/cdfmlr/crud,16,6,Go,MIT License,A package helps writing CRUD servers. All you need is this package and models.,"api,crud,golang,low-code,restful"
NGEL_SLAM,68,2024-08-23,2024-03-04,https://github.com/YunxuanMao/NGEL_SLAM,9,2,Python,No license,[ICRA-2024] The official code for NGEL-SLAM: Neural Implicit Representation-based Global Consistent Low-Latency SLAM System,
core,68,2024-12-16,2024-07-29,https://github.com/zero-dim/core,17,3,TypeScript,MIT License,vue3.x + vite5.x + element-plus 低代码平台 nocode 可视化拖拽 可视化编辑器 可视化建模 数据源自建 建站工具、可视化搭建工具 ai 低代码 ai nocode 深度集成 ai,"ai,low-code,lowcode,no-code,nocode,zerodim"
lowcode-datasource,67,2024-09-24,2021-12-30,https://github.com/alibaba/lowcode-datasource,63,1,TypeScript,MIT License,An enterprise-class low-code technology stack with scale-out design / 一套面向扩展设计的企业级低代码技术体系,"alibaba,low-code,lowcode"
locokit,67,2025-05-23,2021-11-02,https://github.com/locokit/locokit,9,146,TypeScript,MIT License,The Low Code Kit repository,"airtable,locokit,low-code,nocode"
spidercreator,68,2025-05-18,2025-02-16,https://github.com/carlosplanchon/spidercreator,9,5,Python,GNU Affero General Public License v3.0,Automated web scraping spider generation using Browser Use and LLMs. Streamline the creation of Playwright-based spiders with minimal manual coding. Ideal for large enterprises with recurring data ext,"ai,automation,browser-use,crawling,llm,low-code,no-code,python,rpa,scraping,spider,vibe-coding"
low-code,66,2025-02-17,2024-11-10,https://github.com/missxiaolin/low-code,4,0,JavaScript,No license,低代码,
colie,65,2025-01-31,2024-03-12,https://github.com/ctom2/colie,5,2,Jupyter Notebook,Apache License 2.0,"[ECCV 2024] This is the official code for the paper ""Fast Context-Based Low-Light Image Enhancement via Neural Implicit Representations""","computer-vision,image-enhancement,low-light-image-enhancement,neural-implicit-representations,self-supervised,zero-shot"
interaqt,65,2025-05-28,2023-08-20,https://github.com/InteraqtDev/interaqt,6,0,TypeScript,No license,Better application framework for LLM era.,"aigc,cms-framework,framework,headless-cms,low-code,nocode,web-framework"
oinone-pamirs,65,2025-06-04,2025-05-10,https://github.com/oinone/oinone-pamirs,2,0,Java,GNU Affero General Public License v3.0,No description,"ai-lowcode,framework,low-code,low-code-framework,lowcode,oinone"
kaoto,64,2025-06-04,2023-08-07,https://github.com/KaotoIO/kaoto,35,248,TypeScript,Apache License 2.0,The UI of the Kaoto project,"apache-camel,camel,camel-jbang,camel-k,camel-quarkus,components,connectors,editor,eip,integration,integration-flow,jbang,low-code,no-code,quarkus,spring-boot,visualisation,visualization,yaml"
app-builder,61,2025-05-22,2018-01-19,https://github.com/entando/app-builder,21,9,JavaScript,GNU Lesser General Public License v3.0,This is the repository of the Entando App Builder where Devs and Business IT use low-code composition features to create Apps from components.,entando
Reti-Diff,62,2025-06-03,2023-11-20,https://github.com/ChunmingHe/Reti-Diff,0,3,Python,No license,"Official Code for ""Reti-Diff: Illumination Degradation Image Restoration with Retinex-based Latent Diffusion Model"". A SOTA algorithm in low-light image enhancement, underwater image enhancement, and ","backlit-image-enhancement,low-light-image-enhancement,underwater-image-enhancement"
llemonstack,60,2025-05-01,2025-03-03,https://github.com/LLemonStack/llemonstack,14,0,TypeScript,GNU Affero General Public License v3.0,"All-in-one local low-code AI agent development platform. Installs and runs n8n, Flowise, Browser-Use, Qdrant, Ollama, and more. Proxies LLM requests through LiteLLM with Langfuse for observability.",
drivers,59,2024-07-23,2020-09-20,https://github.com/jupyter-naas/drivers,13,5,Python,GNU Affero General Public License v3.0,"Low-code Python library enabling access to APIs, tools, data sources in seconds.","connectors,data,data-analysis,data-collection,data-engineering,data-integration,data-mesh,data-science,elt,etl,hacktoberfest,hacktoberfest2022,integration,lowcode,open-source,opensource,pipeline,pipelines,python"
jvs,59,2025-06-05,2022-07-26,https://github.com/RKQF-JVS/jvs,23,0,Java,Other,"JVS是采用 Spring Cloud+VUE+Demo集的技术普惠型微服务开源框架,面向中小型软件开发团队，可以快速实现应用开发与发布，框架提供丰富的基础功能，集成众多业务引擎，它灵活性强，界面化配置对开发者友好，底层容器化构建，集合持续化构建。","java,javascript,jvs,low-code,springcloud,vue"
basemulti,57,2025-01-11,2024-11-14,https://github.com/basemulti/basemulti,6,0,TypeScript,GNU Affero General Public License v3.0,✨ The Next-Gen No-Code Database Platform. Transform any database into a powerful Airtable-like interface and instant API.,"airtable-alternative,app-builder,backend,database,headless-cms,low-code,mysql,no-code,postgresql,self-hosted,spreadsheet,sqlite,typescript"
Diff-Retinex,56,2024-12-30,2024-08-22,https://github.com/XunpengYi/Diff-Retinex,3,3,Python,MIT License,Official Code of the Diff-Retinex: Rethinking Low-light Image Enhancement with A Generative Diffusion Model (ICCV2023),
oinone-kunlun,56,2025-06-05,2025-05-16,https://github.com/oinone/oinone-kunlun,1,0,TypeScript,GNU Affero General Public License v3.0,No description,"ai-lowcode,framework,low-code,low-code-framework,lowcode,oinone"
Trick,56,2025-03-14,2020-03-11,https://github.com/YiiGaa/Trick,11,0,JavaScript,Apache License 2.0,A front-end web page low-code framework,
limbas,55,2025-02-18,2013-05-16,https://github.com/limbas/limbas,9,2,PHP,GNU General Public License v2.0,Low-code database framework that fits your needs,"appliance,cms,crm,database-gui,database-management,dms,erp,form-generator,php,product-catalog,report-generator,user-group-management,workflow,workflow-engine"
xgen,55,2025-05-18,2022-03-01,https://github.com/YaoApp/xgen,32,2,TypeScript,Apache License 2.0,A official lowcode resolution based yao app engine.,"ant-design,components,design-system,low-code,mobx,react,shadow-dom,typescript,umi"
LowMemoryFHEResNet20,54,2025-03-04,2023-10-24,https://github.com/narger-ef/LowMemoryFHEResNet20,16,1,Jupyter Notebook,MIT License,"Source code for the paper ""Encrypted Image Classification with Low Memory Footprint using Fully Homomorphic Encryption""","convolutional-neural-network,fhe,homomorphic-encryption,privacy-preserving,resnet,secure-computation"
dex,54,2025-03-27,2022-06-01,https://github.com/appsource/dex,403,1,JavaScript,GNU General Public License v3.0,"DEX White-label at your own domain without coding skills. 1 min installation, JUST FROK AND ADD DOMAIN","binance,bsc,clone,dex,ethereum,evm,exchange,exchnage,fork,low-code,low-code-framework,uniswap,uniswap-v2"
tachybase,54,2025-06-05,2024-10-15,https://github.com/tachybase/tachybase,16,30,TypeScript,Apache License 2.0,"Tachybase is a pluggable application framework., where developers can build complex application logic, while core developers focus on ensuring the stability of key modules and adapting to different en","admin-dashboard,approval,crm,crud,erp,internal-tools,low-code,low-code-development,low-code-development-platform,low-code-platform,nodejs,self-hosted,workflows"
CoCreate-admin,53,2025-05-01,2019-06-29,https://github.com/CoCreate-app/CoCreate-admin,19,1,HTML,MIT License,"A No Code Admin, CRM, CMS, Website Builder platform. Powered by CoCreateJS to provide Realtime and Collaborative CRUD functionality. ","admin,cms,cocreate,cocreate-framework,cocreatejs,cocreatejs-component,collaboration,collaborative-framework,crm,html5-framework,javascript-framework,low-code,low-code-framework,no-code,no-code-framework,realtime,realtime-framework,shared-editing"
quark-ui,51,2025-04-02,2020-02-10,https://github.com/quarkcloudio/quark-ui,16,0,JavaScript,No license,QuarkUI is a low code engine that can configure and combine rich front-end pages through JSON.,
BESSER-Agentic-Framework,51,2025-04-08,2023-07-04,https://github.com/BESSER-PEARL/BESSER-Agentic-Framework,7,38,Python,MIT License,"Design and implement agents, bot and chatbots in Python","agent,bot,chatbot,framework,low-code,nlp,python"
Fierro,50,2025-06-02,2021-07-09,https://github.com/lanl/Fierro,22,21,C++,"BSD 3-Clause ""New"" or ""Revised"" License","Fierro is a C++ code designed to aid the research and development of numerical methods, testing of user-specified models, and creating multi-scale models related to quasi-static solid mechanics and co","computational-mechanics,crystal-plasticity,engineering,finite-element-methods,lagrangian,lagrangian-mechanics,material-science,micromechanics,parallel-computing,shock-capturing,solid-dynamics,topology-optimization"
